Timestamp,Tool_Name,Status,Latency,Error_Log
2025-12-01 21:15:34,search,SUCCESS,2383.63ms,
2025-12-01 21:15:45,search,SUCCESS,1269.73ms,
2025-12-01 21:15:58,search,SUCCESS,1417.3ms,
2025-12-01 21:16:07,search,SUCCESS,1460.36ms,
2025-12-01 21:16:21,calculator,SUCCESS,0.37ms,
2025-12-01 21:16:36,search,SUCCESS,1289.05ms,
2025-12-01 21:16:50,search,SUCCESS,1413.52ms,
2025-12-01 21:17:03,search,SUCCESS,1302.91ms,
2025-12-01 21:17:16,search,SUCCESS,2710.34ms,
2025-12-01 21:23:51,search,SUCCESS,1292.49ms,
2025-12-01 21:24:11,search,SUCCESS,1697.63ms,
2025-12-01 21:27:48,calculator,SUCCESS,4.35ms,
2025-12-01 21:28:12,search,SUCCESS,2518.54ms,
2025-12-01 21:28:26,search,SUCCESS,0.0ms,
2025-12-01 21:28:41,search,SUCCESS,0.01ms,
2025-12-01 21:29:53,search,SUCCESS,0.04ms,
2025-12-01 21:34:24,calculator,SUCCESS,2.35ms,
2025-12-02 01:31:43,search,SUCCESS,1239.74ms,
2025-12-02 01:31:55,search,SUCCESS,2061.39ms,
2025-12-02 01:32:12,search,SUCCESS,1166.18ms,
2025-12-02 01:32:22,search,SUCCESS,1698.63ms,
2025-12-02 01:32:41,calculator,SUCCESS,0.25ms,
2025-12-02 01:32:59,search,SUCCESS,1217.19ms,
2025-12-02 01:33:13,search,SUCCESS,2109.31ms,
2025-12-02 01:33:25,calculator,SUCCESS,0.21ms,
2025-12-02 01:33:48,search,SUCCESS,1783.46ms,
2025-12-02 12:51:18,search,SUCCESS,1088.33ms,
2025-12-02 12:51:38,search,SUCCESS,2170.43ms,
2025-12-02 12:51:51,search,SUCCESS,1210.58ms,
2025-12-02 12:51:59,search,SUCCESS,1290.25ms,
2025-12-02 12:52:26,calculator,SUCCESS,4.07ms,
2025-12-02 12:52:43,calculator,SUCCESS,0.33ms,
2025-12-02 12:52:55,search,SUCCESS,2584.25ms,
2025-12-02 12:53:07,search,SUCCESS,1194.85ms,
2025-12-02 12:53:26,search,SUCCESS,1199.64ms,
2025-12-02 15:40:48,smart_search,SUCCESS,2764.8ms,
2025-12-02 15:40:51,smart_search,SUCCESS,1656.32ms,
2025-12-02 15:44:48,smart_search,SUCCESS,26290.31ms,
2025-12-02 15:45:14,smart_search,SUCCESS,1710.0ms,
2025-12-02 15:59:02,smart_search,ERROR,106346.55ms,"(MaxRetryError(""HTTPSConnectionPool(host='huggingface.co', port=443): Max retries exceeded with url: /sentence-transformers/all-MiniLM-L6-v2/resolve/main/adapter_config.json (Caused by SSLError(SSLEOFError(8, '[SSL: UNEXPECTED_EOF_WHILE_READING] EOF occurred in violation of protocol (_ssl.c:1000)')))""), '(Request ID: 4fac269d-c308-4e29-836a-8cf59dc10149)')"
2025-12-02 16:03:27,smart_search,SUCCESS,12622.59ms,
2025-12-02 16:19:20,smart_search,SUCCESS,44560.12ms,
2025-12-02 16:20:04,smart_search,SUCCESS,1576.2ms,
2025-12-02 16:22:08,smart_search,SUCCESS,45462.4ms,
2025-12-02 16:22:54,smart_search,SUCCESS,1257.52ms,
2025-12-02 16:23:54,smart_search,SUCCESS,42164.79ms,
2025-12-02 16:24:36,smart_search,SUCCESS,45.25ms,
2025-12-02 16:24:36,smart_search,SUCCESS,7.16ms,
2025-12-02 18:01:27,smart_search,SUCCESS,42256.01ms,
2025-12-02 18:02:09,smart_search,SUCCESS,28.24ms,
2025-12-02 18:02:09,smart_search,SUCCESS,1409.95ms,
2025-12-02 18:08:26,smart_search,SUCCESS,41647.24ms,
2025-12-02 18:09:08,smart_search,SUCCESS,27.92ms,
2025-12-02 18:09:08,smart_search,SUCCESS,1268.47ms,
2025-12-02 18:27:01,smart_search,SUCCESS,7626.58ms,
2025-12-02 18:27:09,smart_search,SUCCESS,1208.97ms,
2025-12-02 18:27:10,smart_search,SUCCESS,1239.12ms,
2025-12-02 18:27:56,smart_search,SUCCESS,8287.49ms,
2025-12-02 18:28:04,smart_search,SUCCESS,1308.0ms,
2025-12-02 18:28:06,smart_search,SUCCESS,1214.58ms,
2025-12-02 18:32:41,smart_search,SUCCESS,41427.1ms,
2025-12-02 18:33:23,smart_search,SUCCESS,32.32ms,
2025-12-02 18:33:23,smart_search,SUCCESS,1485.6ms,
2025-12-02 18:33:58,smart_search,SUCCESS,6146.95ms,
2025-12-02 18:34:04,smart_search,SUCCESS,29.31ms,
2025-12-02 18:34:04,smart_search,SUCCESS,1576.13ms,
2025-12-02 19:59:59,smart_search,SUCCESS,7101.09ms,
2025-12-02 20:00:47,smart_search,SUCCESS,4330.61ms,
2025-12-02 20:00:52,smart_search,SUCCESS,6.71ms,
2025-12-02 20:00:52,smart_search,SUCCESS,6726.68ms,
2025-12-02 20:02:26,smart_search,SUCCESS,4787.85ms,
2025-12-02 20:02:39,smart_search,SUCCESS,15.57ms,
2025-12-02 20:02:53,calculator,SUCCESS,0.17ms,
2025-12-02 20:03:11,smart_search,SUCCESS,15.28ms,
2025-12-02 20:03:32,smart_search,SUCCESS,15.13ms,
2025-12-02 20:03:52,smart_search,SUCCESS,15.23ms,
2025-12-02 20:04:05,smart_search,SUCCESS,15.43ms,
2025-12-02 20:04:15,smart_search,SUCCESS,0.0ms,
2025-12-02 20:04:29,smart_search,SUCCESS,15.52ms,
2025-12-02 20:06:46,smart_search,SUCCESS,4504.32ms,
2025-12-02 20:06:55,smart_search,SUCCESS,6.95ms,
2025-12-02 20:07:05,smart_search,SUCCESS,16.89ms,
2025-12-02 20:07:19,smart_search,SUCCESS,15.24ms,
2025-12-02 20:07:40,smart_search,SUCCESS,0.0ms,
2025-12-02 20:08:00,smart_search,SUCCESS,14.59ms,
2025-12-02 20:08:12,smart_search,SUCCESS,15.54ms,
2025-12-02 20:08:23,smart_search,SUCCESS,0.0ms,
2025-12-02 20:08:38,smart_search,SUCCESS,18.26ms,
2025-12-02 20:11:14,smart_search,SUCCESS,4600.13ms,
2025-12-02 20:11:26,smart_search,SUCCESS,1718.6ms,
2025-12-02 20:11:42,smart_search,SUCCESS,15.37ms,
2025-12-02 20:11:54,smart_search,SUCCESS,16.35ms,
2025-12-02 20:12:09,smart_search,SUCCESS,6219.98ms,
2025-12-02 20:12:34,smart_search,SUCCESS,17.12ms,
2025-12-02 20:12:48,smart_search,SUCCESS,0.0ms,
2025-12-02 20:13:02,smart_search,SUCCESS,1924.51ms,
2025-12-02 20:13:14,smart_search,SUCCESS,16.43ms,
2025-12-02 20:25:20,smart_search,SUCCESS,6781.4ms,
2025-12-02 20:25:41,smart_search,SUCCESS,15.06ms,
2025-12-02 20:25:59,smart_search,SUCCESS,15.01ms,
2025-12-02 20:26:10,smart_search,SUCCESS,15.6ms,
2025-12-02 20:26:24,smart_search,SUCCESS,0.0ms,
2025-12-02 20:26:53,calculator,SUCCESS,0.16ms,
2025-12-02 20:27:03,smart_search,SUCCESS,0.0ms,
2025-12-02 20:27:20,smart_search,SUCCESS,15.96ms,
2025-12-02 20:27:43,smart_search,SUCCESS,0.0ms,
2025-12-02 20:30:27,smart_search,SUCCESS,4787.29ms,
2025-12-02 20:30:39,smart_search,SUCCESS,7.53ms,
2025-12-02 20:30:58,smart_search,SUCCESS,17.29ms,
2025-12-02 20:31:14,smart_search,SUCCESS,0.0ms,
2025-12-02 20:31:23,smart_search,SUCCESS,0.0ms,
2025-12-02 20:31:38,smart_search,SUCCESS,0.0ms,
2025-12-02 20:31:50,smart_search,SUCCESS,23.52ms,
2025-12-02 20:32:09,smart_search,SUCCESS,15.41ms,
2025-12-02 20:32:45,smart_search,SUCCESS,0.01ms,
2025-12-02 20:34:44,smart_search,SUCCESS,4464.92ms,
2025-12-02 20:35:09,smart_search,SUCCESS,10.86ms,
2025-12-02 20:35:18,smart_search,SUCCESS,15.75ms,
2025-12-02 20:35:33,calculator,SUCCESS,0.19ms,
2025-12-02 20:35:48,smart_search,SUCCESS,8.61ms,
2025-12-02 20:36:10,smart_search,SUCCESS,14.93ms,
2025-12-02 20:36:27,smart_search,SUCCESS,0.0ms,
2025-12-02 20:36:51,smart_search,SUCCESS,0.0ms,
2025-12-02 20:37:09,smart_search,SUCCESS,0.0ms,
2025-12-02 20:52:57,smart_search,SUCCESS,5758.11ms,
2025-12-02 20:53:18,smart_search,SUCCESS,16.14ms,
2025-12-02 20:53:36,smart_search,SUCCESS,15.14ms,
2025-12-02 20:53:52,smart_search,SUCCESS,15.59ms,
2025-12-02 20:54:02,smart_search,SUCCESS,13.74ms,
2025-12-02 20:56:59,smart_search,SUCCESS,4731.16ms,
2025-12-02 20:57:15,smart_search,SUCCESS,16.19ms,
2025-12-02 20:57:27,smart_search,SUCCESS,14.47ms,
2025-12-02 20:57:46,smart_search,SUCCESS,15.41ms,
2025-12-02 20:58:15,smart_search,SUCCESS,15.28ms,
2025-12-02 21:00:41,smart_search,SUCCESS,4371.67ms,
2025-12-02 21:01:02,smart_search,SUCCESS,15.51ms,
2025-12-02 21:01:11,smart_search,SUCCESS,34.39ms,
2025-12-02 21:01:25,smart_search,SUCCESS,0.0ms,
2025-12-02 21:01:36,smart_search,SUCCESS,0.0ms,
2025-12-02 21:02:41,smart_search,SUCCESS,4882.75ms,
2025-12-02 21:03:00,smart_search,SUCCESS,18.26ms,
2025-12-02 21:03:14,smart_search,SUCCESS,16.1ms,
2025-12-02 21:03:24,smart_search,SUCCESS,15.98ms,
2025-12-02 21:03:36,smart_search,SUCCESS,0.0ms,
2025-12-02 21:06:59,smart_search,SUCCESS,4486.27ms,
2025-12-02 21:07:18,smart_search,SUCCESS,14.83ms,
2025-12-02 21:07:37,smart_search,SUCCESS,15.55ms,
2025-12-02 21:07:54,smart_search,SUCCESS,0.0ms,
2025-12-02 21:08:08,smart_search,SUCCESS,15.34ms,
2025-12-02 21:08:26,smart_search,SUCCESS,8.69ms,
2025-12-02 21:08:44,smart_search,SUCCESS,0.0ms,
2025-12-02 22:19:50,smart_search,SUCCESS,7574.33ms,
2025-12-02 22:20:05,smart_search,SUCCESS,0.0ms,
2025-12-02 22:20:14,smart_search,SUCCESS,19.69ms,
2025-12-02 22:20:38,smart_search,SUCCESS,0.01ms,
2025-12-02 22:20:49,calculator,SUCCESS,2.28ms,
2025-12-02 22:21:01,smart_search,SUCCESS,0.02ms,
2025-12-02 22:21:23,smart_search,SUCCESS,0.0ms,
2025-12-03 00:37:05,smart_search,SUCCESS,7416.19ms,
2025-12-03 00:37:30,smart_search,SUCCESS,2410.8ms,
2025-12-03 00:37:42,smart_search,SUCCESS,1842.24ms,
2025-12-03 00:42:08,smart_search,SUCCESS,6282.4ms,
2025-12-03 00:42:29,smart_search,SUCCESS,1587.31ms,
2025-12-03 00:42:42,smart_search,SUCCESS,1792.73ms,
2025-12-03 00:42:58,smart_search,SUCCESS,2170.91ms,
2025-12-03 00:43:18,smart_search,SUCCESS,17.68ms,
2025-12-03 00:43:44,calculator,SUCCESS,0.17ms,
2025-12-03 00:43:57,smart_search,SUCCESS,2101.03ms,
2025-12-03 00:53:32,smart_search,SUCCESS,4940.36ms,
2025-12-03 00:53:48,smart_search,SUCCESS,15.94ms,
2025-12-03 00:53:56,smart_search,SUCCESS,15.21ms,
2025-12-03 00:54:23,smart_search,SUCCESS,8.58ms,
2025-12-03 00:54:43,smart_search,SUCCESS,13.25ms,
2025-12-03 00:54:54,smart_search,SUCCESS,15.34ms,
2025-12-03 00:55:04,smart_search,SUCCESS,15.08ms,
2025-12-03 01:05:45,smart_search,SUCCESS,4829.59ms,
2025-12-03 01:06:04,smart_search,SUCCESS,18.29ms,
2025-12-03 01:06:27,smart_search,SUCCESS,15.87ms,
2025-12-03 01:06:46,smart_search,SUCCESS,15.31ms,
2025-12-03 01:07:10,smart_search,SUCCESS,158.46ms,
2025-12-03 01:07:50,smart_search,SUCCESS,16.83ms,
2025-12-03 01:16:35,smart_search,SUCCESS,5051.41ms,
2025-12-03 01:17:46,smart_search,SUCCESS,16.86ms,
2025-12-03 01:23:32,smart_search,SUCCESS,4522.95ms,
2025-12-03 01:23:48,smart_search,SUCCESS,17.57ms,
2025-12-03 01:23:56,smart_search,SUCCESS,16.31ms,
2025-12-03 01:24:17,smart_search,SUCCESS,14.96ms,
2025-12-03 01:24:28,smart_search,SUCCESS,15.48ms,
2025-12-03 01:24:40,smart_search,SUCCESS,16.88ms,
2025-12-03 01:24:58,smart_search,SUCCESS,15.61ms,
2025-12-03 14:59:38,smart_search,SUCCESS,5862.65ms,
2025-12-03 14:59:50,smart_search,SUCCESS,8.99ms,
2025-12-03 14:59:55,smart_search,SUCCESS,14.79ms,
2025-12-03 15:00:27,smart_search,SUCCESS,17.71ms,
2025-12-03 15:00:46,smart_search,SUCCESS,15.67ms,
2025-12-03 15:01:03,smart_search,SUCCESS,15.13ms,
2025-12-03 15:12:38,smart_search,SUCCESS,5628.32ms,
2025-12-03 15:12:50,smart_search,SUCCESS,9.64ms,
2025-12-03 15:13:24,smart_search,SUCCESS,35.63ms,
2025-12-03 15:13:57,smart_search,SUCCESS,16.69ms,
2025-12-03 15:14:12,smart_search,SUCCESS,15.48ms,
2025-12-03 15:14:30,smart_search,SUCCESS,16.13ms,
2025-12-03 15:18:49,smart_search,SUCCESS,5737.61ms,
2025-12-03 15:19:04,smart_search,SUCCESS,16.93ms,
2025-12-03 15:19:17,smart_search,SUCCESS,14.95ms,
2025-12-03 15:19:28,smart_search,SUCCESS,15.47ms,
2025-12-03 15:19:37,smart_search,SUCCESS,18.7ms,
2025-12-03 15:19:45,smart_search,SUCCESS,16.39ms,
2025-12-03 15:28:32,smart_search,SUCCESS,4628.81ms,
2025-12-03 15:28:56,smart_search,SUCCESS,17.2ms,
2025-12-03 15:29:11,smart_search,SUCCESS,14.95ms,
2025-12-03 15:29:17,smart_search,SUCCESS,16.15ms,
2025-12-03 15:29:31,smart_search,SUCCESS,26.87ms,
2025-12-03 15:30:00,smart_search,SUCCESS,1734.96ms,
2025-12-03 15:39:57,smart_search,SUCCESS,4831.87ms,
2025-12-03 15:40:19,smart_search,SUCCESS,16.49ms,
2025-12-03 15:40:31,smart_search,SUCCESS,15.94ms,
2025-12-03 15:40:39,smart_search,SUCCESS,15.0ms,
2025-12-03 15:41:06,smart_search,SUCCESS,15.56ms,
2025-12-03 15:41:19,smart_search,SUCCESS,8.69ms,
2025-12-03 15:44:41,smart_search,SUCCESS,5109.5ms,
2025-12-03 15:44:58,smart_search,SUCCESS,15.64ms,
2025-12-03 15:45:16,smart_search,SUCCESS,0.0ms,
2025-12-03 15:45:49,smart_search,SUCCESS,0.0ms,
2025-12-03 15:46:06,smart_search,SUCCESS,16.53ms,
2025-12-03 15:46:28,smart_search,SUCCESS,14.0ms,
2025-12-03 15:49:15,smart_search,SUCCESS,4827.94ms,
2025-12-03 15:49:37,smart_search,SUCCESS,16.89ms,
2025-12-03 15:49:49,smart_search,SUCCESS,16.98ms,
2025-12-03 15:49:58,smart_search,SUCCESS,16.25ms,
2025-12-03 15:50:17,smart_search,SUCCESS,14.75ms,
2025-12-03 15:50:46,smart_search,SUCCESS,15.32ms,
2025-12-03 15:54:09,smart_search,SUCCESS,5007.51ms,
2025-12-03 15:54:29,calculator,SUCCESS,0.13ms,
2025-12-03 15:54:44,smart_search,SUCCESS,1890.46ms,
2025-12-03 15:55:07,smart_search,SUCCESS,15.84ms,
2025-12-03 15:55:27,smart_search,SUCCESS,35.7ms,
2025-12-03 15:55:47,smart_search,SUCCESS,15.74ms,
2025-12-03 15:58:10,smart_search,SUCCESS,5644.21ms,
2025-12-03 15:58:48,smart_search,SUCCESS,16.83ms,
2025-12-03 15:59:08,smart_search,SUCCESS,0.0ms,
2025-12-03 15:59:36,smart_search,SUCCESS,0.0ms,
2025-12-03 15:59:50,smart_search,SUCCESS,16.57ms,
2025-12-03 16:00:14,smart_search,SUCCESS,1708.82ms,
